gene_id	gene_symbol	description	scientific_name	common_name	tax_id	genomic_range	orientation	location	gene_type	transcript_accession	transcript_name	transcript_length	transcript_cds_coords	protein_accession	isoform_name	protein_length	protein_name
912	CD1D	CD1d molecule	Homo sapiens	human	9606	NC_000001.11:158178030-158186427;NC_060925.1:157297517-157323522	+;+	chr 1	PROTEIN_CODING	NM_001371763.1	transcript variant 5	2076	NM_001371763.1:323-1330	NP_001358692.1	isoform 1 precursor	335	antigen-presenting glycoprotein CD1d
912	CD1D	CD1d molecule	Homo sapiens	human	9606	NC_000001.11:158178030-158186427;NC_060925.1:157297517-157323522	+;+	chr 1	PROTEIN_CODING	NM_001766.4	transcript variant 1	3784	NM_001766.4:500-1507	NP_001757.1	isoform 1 precursor	335	antigen-presenting glycoprotein CD1d
912	CD1D	CD1d molecule	Homo sapiens	human	9606	NC_000001.11:158178030-158186427;NC_060925.1:157297517-157323522	+;+	chr 1	PROTEIN_CODING	NM_001371762.2	transcript variant 4	3492	NM_001371762.2:208-1215	NP_001358691.1	isoform 1 precursor	335	antigen-presenting glycoprotein CD1d
912	CD1D	CD1d molecule	Homo sapiens	human	9606	NC_000001.11:158178030-158186427;NC_060925.1:157297517-157323522	+;+	chr 1	PROTEIN_CODING	NM_001319145.2	transcript variant 2	3213	NM_001319145.2:208-936	NP_001306074.1	isoform 2 precursor	242	antigen-presenting glycoprotein CD1d
912	CD1D	CD1d molecule	Homo sapiens	human	9606	NC_000001.11:158178030-158186427;NC_060925.1:157297517-157323522	+;+	chr 1	PROTEIN_CODING	NM_001371761.1	transcript variant 3	1926	NM_001371761.1:485-1180	NP_001358690.1	isoform 3	231	antigen-presenting glycoprotein CD1d
912	CD1D	CD1d molecule	Homo sapiens	human	9606	NC_000001.11:158178030-158186427;NC_060925.1:157297517-157323522	+;+	chr 1	PROTEIN_CODING	XM_047433945.1	transcript variant X1	1142	XM_047433945.1:208-1056	XP_047289901.1	isoform X1	282	antigen-presenting glycoprotein CD1d
912	CD1D	CD1d molecule	Homo sapiens	human	9606	NC_000001.11:158178030-158186427;NC_060925.1:157297517-157323522	+;+	chr 1	PROTEIN_CODING	XM_054339553.1	transcript variant X3	4005	XM_054339553.1:1000-1728	XP_054195528.1	isoform X3	242	antigen-presenting glycoprotein CD1d
912	CD1D	CD1d molecule	Homo sapiens	human	9606	NC_000001.11:158178030-158186427;NC_060925.1:157297517-157323522	+;+	chr 1	PROTEIN_CODING	XM_054339552.1	transcript variant X2	4279	XM_054339552.1:995-2002	XP_054195527.1	isoform X2	335	antigen-presenting glycoprotein CD1d
